TRAIN,gs://project1-bigdata2/images/01428a59062b02bf.jpg,Dolphin
TRAIN,gs://project1-bigdata2/images/026dfb42b3a71793.jpg,Dolphin
TRAIN,gs://project1-bigdata2/images/03b129104ca0830b.jpg,Dolphin
TRAIN,gs://project1-bigdata2/images/03b21fb42485372c.jpg,Dolphin
TRAIN,gs://project1-bigdata2/images/0692f618f3a374d3.jpg,Dolphin
TRAIN,gs://project1-bigdata2/images/06b1e4c454935ed7.jpg,Dolphin
TRAIN,gs://project1-bigdata2/images/06b9450194965cca.jpg,Dolphin
TRAIN,gs://project1-bigdata2/images/088b20314f409999.jpg,Dolphin
TRAIN,gs://project1-bigdata2/images/0b643406bb5c02ce.jpg,Dolphin
TRAIN,gs://project1-bigdata2/images/118817759c139789.jpg,Dolphin
TRAIN,gs://project1-bigdata2/images/12d8f4ecc0028623.jpg,Dolphin
TRAIN,gs://project1-bigdata2/images/14d50708c856e29a.jpg,Dolphin
TRAIN,gs://project1-bigdata2/images/14e64718257fc25c.jpg,Dolphin
TRAIN,gs://project1-bigdata2/images/157d702110fd578b.jpg,Dolphin
TRAIN,gs://project1-bigdata2/images/18c07446aa4514e1.jpg,Dolphin
TRAIN,gs://project1-bigdata2/images/18d2e8905bae1871.jpg,Dolphin
TRAIN,gs://project1-bigdata2/images/1b0dffe793c8d02b.jpg,Dolphin
TRAIN,gs://project1-bigdata2/images/1b96c22c8d8e417f.jpg,Dolphin
TRAIN,gs://project1-bigdata2/images/1be6c0c872aa4191.jpg,Dolphin
TRAIN,gs://project1-bigdata2/images/1e4a4039416d8e33.jpg,Dolphin
TRAIN,gs://project1-bigdata2/images/25b7d7c1d20a854d.jpg,Dolphin
TRAIN,gs://project1-bigdata2/images/2a487daf85d5687a.jpg,Dolphin
TRAIN,gs://project1-bigdata2/images/2bbfa3cdf51dc0a4.jpg,Dolphin
TRAIN,gs://project1-bigdata2/images/2cb51268007c8b8b.jpg,Dolphin
TRAIN,gs://project1-bigdata2/images/2cd0b3c04d50aa68.jpg,Dolphin
TRAIN,gs://project1-bigdata2/images/2fb76faecb6ea676.jpg,Dolphin
TRAIN,gs://project1-bigdata2/images/31b01e721ca30d9f.jpg,Dolphin
TRAIN,gs://project1-bigdata2/images/39986d2aafdaddcc.jpg,Dolphin
TRAIN,gs://project1-bigdata2/images/3b2099a80db8b0b1.jpg,Dolphin
TRAIN,gs://project1-bigdata2/images/3bd48717215419ec.jpg,Dolphin
TRAIN,gs://project1-bigdata2/images/41800767aca5927c.jpg,Dolphin
TRAIN,gs://project1-bigdata2/images/44995ea5c83cf695.jpg,Dolphin
TRAIN,gs://project1-bigdata2/images/4643baa781dfcd40.jpg,Dolphin
TRAIN,gs://project1-bigdata2/images/471c379b70c9fe5b.jpg,Dolphin
TRAIN,gs://project1-bigdata2/images/47e6d609a4753015.jpg,Dolphin
TRAIN,gs://project1-bigdata2/images/4ba44d4387e4f46b.jpg,Dolphin
TRAIN,gs://project1-bigdata2/images/4e4bb7f64c416e71.jpg,Dolphin
TRAIN,gs://project1-bigdata2/images/4e4de777b444fc2c.jpg,Dolphin
TRAIN,gs://project1-bigdata2/images/51df1b51a062b34e.jpg,Dolphin
TRAIN,gs://project1-bigdata2/images/520e896611f2cd1b.jpg,Dolphin
TRAIN,gs://project1-bigdata2/images/527ad3a698efc900.jpg,Dolphin
TRAIN,gs://project1-bigdata2/images/553676d80de9d0d2.jpg,Dolphin
TRAIN,gs://project1-bigdata2/images/55606d57a54c5637.jpg,Dolphin
TRAIN,gs://project1-bigdata2/images/563fbc490faf3a88.jpg,Dolphin
TRAIN,gs://project1-bigdata2/images/58722a25d3577974.jpg,Dolphin
TRAIN,gs://project1-bigdata2/images/59996cfdbbbeace9.jpg,Dolphin
TRAIN,gs://project1-bigdata2/images/59c1d2bd208a9cae.jpg,Dolphin
TRAIN,gs://project1-bigdata2/images/5a6a8b0ef0da6d96.jpg,Dolphin
TRAIN,gs://project1-bigdata2/images/5f0b691f73d28888.jpg,Dolphin
TRAIN,gs://project1-bigdata2/images/62db963bb9a39594.jpg,Dolphin
TRAIN,gs://project1-bigdata2/images/6303d05ededbd236.jpg,Dolphin
TRAIN,gs://project1-bigdata2/images/6450e39aad011776.jpg,Dolphin
TRAIN,gs://project1-bigdata2/images/65a7ecdaa1567898.jpg,Dolphin
TRAIN,gs://project1-bigdata2/images/6a22f838ac210fe6.jpg,Dolphin
TRAIN,gs://project1-bigdata2/images/6a6c0cd49b2352ca.jpg,Dolphin
TRAIN,gs://project1-bigdata2/images/6cb95cdd47cb997b.jpg,Dolphin
TRAIN,gs://project1-bigdata2/images/6d020f6b434599d4.jpg,Dolphin
TRAIN,gs://project1-bigdata2/images/6f201ede0ce2741c.jpg,Dolphin
TRAIN,gs://project1-bigdata2/images/716f87f891a1940c.jpg,Dolphin
TRAIN,gs://project1-bigdata2/images/71912c0e72b2a884.jpg,Dolphin
TRAIN,gs://project1-bigdata2/images/728956690e61f021.jpg,Dolphin
TRAIN,gs://project1-bigdata2/images/738118280d0b0c7c.jpg,Dolphin
TRAIN,gs://project1-bigdata2/images/739430b1230b7ece.jpg,Dolphin
TRAIN,gs://project1-bigdata2/images/73cca9b08d365b73.jpg,Dolphin
TRAIN,gs://project1-bigdata2/images/77ac41cc9d52ae48.jpg,Dolphin
TRAIN,gs://project1-bigdata2/images/7806724900be90a8.jpg,Dolphin
TRAIN,gs://project1-bigdata2/images/7a08d8553f786556.jpg,Dolphin
TRAIN,gs://project1-bigdata2/images/7d29357e57113f81.jpg,Dolphin
TRAIN,gs://project1-bigdata2/images/7df8eb0e1b7d24eb.jpg,Dolphin
TRAIN,gs://project1-bigdata2/images/7e757562cd4c36d9.jpg,Dolphin
TRAIN,gs://project1-bigdata2/images/7f8c4daded1d9129.jpg,Dolphin
TRAIN,gs://project1-bigdata2/images/819010bf356c37f1.jpg,Dolphin
TRAIN,gs://project1-bigdata2/images/81a3738443c4e3b5.jpg,Dolphin
TRAIN,gs://project1-bigdata2/images/81c40238643d54a5.jpg,Dolphin
TRAIN,gs://project1-bigdata2/images/821acfa1489eb792.jpg,Dolphin
TRAIN,gs://project1-bigdata2/images/83893137e7c88adc.jpg,Dolphin
TRAIN,gs://project1-bigdata2/images/83c67c5cb2fbc9d4.jpg,Dolphin
TRAIN,gs://project1-bigdata2/images/83f705c64f4ab627.jpg,Dolphin
TRAIN,gs://project1-bigdata2/images/8c5faef1a59feb90.jpg,Dolphin
TRAIN,gs://project1-bigdata2/images/912d43a7e4c654b7.jpg,Dolphin
VALIDATION,gs://project1-bigdata2/images/926770a4bdbaf69c.jpg,Dolphin
VALIDATION,gs://project1-bigdata2/images/93f6ba6bea6d38f4.jpg,Dolphin
VALIDATION,gs://project1-bigdata2/images/9a9f7928adc3e975.jpg,Dolphin
VALIDATION,gs://project1-bigdata2/images/9ab368a89c2651f8.jpg,Dolphin
VALIDATION,gs://project1-bigdata2/images/9b6e2eca9e71d3d8.jpg,Dolphin
VALIDATION,gs://project1-bigdata2/images/9c4663774ffb2c47.jpg,Dolphin
VALIDATION,gs://project1-bigdata2/images/9e5de39ea23bafa3.jpg,Dolphin
VALIDATION,gs://project1-bigdata2/images/a04f6e91fcf315b9.jpg,Dolphin
VALIDATION,gs://project1-bigdata2/images/a124b34a2bf2d35f.jpg,Dolphin
VALIDATION,gs://project1-bigdata2/images/a1957e384b44cef2.jpg,Dolphin
TEST,gs://project1-bigdata2/images/a1acafb01f227f9f.jpg,Dolphin
TEST,gs://project1-bigdata2/images/a2abfd1d0d29eae9.jpg,Dolphin
TEST,gs://project1-bigdata2/images/a474a53f9fa01977.jpg,Dolphin
TEST,gs://project1-bigdata2/images/a74a85c4c3ab312b.jpg,Dolphin
TEST,gs://project1-bigdata2/images/a83f96e6a35124c7.jpg,Dolphin
TEST,gs://project1-bigdata2/images/b05c218de2ddc5ec.jpg,Dolphin
TEST,gs://project1-bigdata2/images/b2eb574fd753f816.jpg,Dolphin
TEST,gs://project1-bigdata2/images/b39230ad2fffb33b.jpg,Dolphin
TEST,gs://project1-bigdata2/images/b50ffbc72603a092.jpg,Dolphin
TEST,gs://project1-bigdata2/images/b7ab7fb42a511ccc.jpg,Dolphin
TRAIN,gs://project1-bigdata2/images/007de825130c594c.jpg,Fox
TRAIN,gs://project1-bigdata2/images/019877aafb67d078.jpg,Fox
TRAIN,gs://project1-bigdata2/images/04923a2a21df00ed.jpg,Fox
TRAIN,gs://project1-bigdata2/images/0754e9e28625b33b.jpg,Fox
TRAIN,gs://project1-bigdata2/images/0a065fc6f38a51c9.jpg,Fox
TRAIN,gs://project1-bigdata2/images/14ec3c7d2ab035a0.jpg,Fox
TRAIN,gs://project1-bigdata2/images/186bf789a984fe07.jpg,Fox
TRAIN,gs://project1-bigdata2/images/1920615ce4cde935.jpg,Fox
TRAIN,gs://project1-bigdata2/images/1d0cdeabd5c8c909.jpg,Fox
TRAIN,gs://project1-bigdata2/images/1dfc09c5ba442f0c.jpg,Fox
TRAIN,gs://project1-bigdata2/images/1f8e72d414a83451.jpg,Fox
TRAIN,gs://project1-bigdata2/images/1feab80aa7e2304f.jpg,Fox
TRAIN,gs://project1-bigdata2/images/22d2358a357bd81c.jpg,Fox
TRAIN,gs://project1-bigdata2/images/2402892400964c65.jpg,Fox
TRAIN,gs://project1-bigdata2/images/25b22641ea273085.jpg,Fox
TRAIN,gs://project1-bigdata2/images/2ad2e9e79d2f1be3.jpg,Fox
TRAIN,gs://project1-bigdata2/images/2be205063c7004ba.jpg,Fox
TRAIN,gs://project1-bigdata2/images/3118348cbdab0c3b.jpg,Fox
TRAIN,gs://project1-bigdata2/images/3165fb5b7086e07c.jpg,Fox
TRAIN,gs://project1-bigdata2/images/33601fb5e9b4c25a.jpg,Fox
TRAIN,gs://project1-bigdata2/images/365b1fd4dbe92e6a.jpg,Fox
TRAIN,gs://project1-bigdata2/images/381cbdfb5a3e2329.jpg,Fox
TRAIN,gs://project1-bigdata2/images/3a0fe0e18db0626b.jpg,Fox
TRAIN,gs://project1-bigdata2/images/3b825ea9d84a44ee.jpg,Fox
TRAIN,gs://project1-bigdata2/images/3b9521dbf66fcbd6.jpg,Fox
TRAIN,gs://project1-bigdata2/images/4a8987199b2f8005.jpg,Fox
TRAIN,gs://project1-bigdata2/images/4b5f5603f3dc8209.jpg,Fox
TRAIN,gs://project1-bigdata2/images/52a1ecfc251d4952.jpg,Fox
TRAIN,gs://project1-bigdata2/images/5474b91a0cebe373.jpg,Fox
TRAIN,gs://project1-bigdata2/images/55cb1a716729e722.jpg,Fox
TRAIN,gs://project1-bigdata2/images/58329e381c8629be.jpg,Fox
TRAIN,gs://project1-bigdata2/images/586763960daad8ef.jpg,Fox
TRAIN,gs://project1-bigdata2/images/5b21a812cc2eb348.jpg,Fox
TRAIN,gs://project1-bigdata2/images/5cb74f59db31b577.jpg,Fox
TRAIN,gs://project1-bigdata2/images/6173eb8c88ea3c78.jpg,Fox
TRAIN,gs://project1-bigdata2/images/624d676471f37272.jpg,Fox
TRAIN,gs://project1-bigdata2/images/63f3e5557582569f.jpg,Fox
TRAIN,gs://project1-bigdata2/images/64bfeee31f00e006.jpg,Fox
TRAIN,gs://project1-bigdata2/images/64dbc921847fea7e.jpg,Fox
TRAIN,gs://project1-bigdata2/images/67b9504b61f28024.jpg,Fox
TRAIN,gs://project1-bigdata2/images/6ff9b029d8528bc7.jpg,Fox
TRAIN,gs://project1-bigdata2/images/70f1f8c089187fe3.jpg,Fox
TRAIN,gs://project1-bigdata2/images/713239054f719388.jpg,Fox
TRAIN,gs://project1-bigdata2/images/72ced3ea0a269387.jpg,Fox
TRAIN,gs://project1-bigdata2/images/74c72a0a77760ae4.jpg,Fox
TRAIN,gs://project1-bigdata2/images/783450880b2a146b.jpg,Fox
TRAIN,gs://project1-bigdata2/images/7eeec4e4c2c399ab.jpg,Fox
TRAIN,gs://project1-bigdata2/images/7fb49fd6901ec135.jpg,Fox
TRAIN,gs://project1-bigdata2/images/823404fad32f6214.jpg,Fox
TRAIN,gs://project1-bigdata2/images/852cda8e480a7dcf.jpg,Fox
TRAIN,gs://project1-bigdata2/images/8689a0d6f11338e4.jpg,Fox
TRAIN,gs://project1-bigdata2/images/881142e056b6892f.jpg,Fox
TRAIN,gs://project1-bigdata2/images/88b856bec5db5ef8.jpg,Fox
TRAIN,gs://project1-bigdata2/images/8a10f2acf303be61.jpg,Fox
TRAIN,gs://project1-bigdata2/images/8e5864b5c3725162.jpg,Fox
TRAIN,gs://project1-bigdata2/images/8f88290cc4b8659a.jpg,Fox
TRAIN,gs://project1-bigdata2/images/9018fa1a62928607.jpg,Fox
TRAIN,gs://project1-bigdata2/images/9340fa240ace666f.jpg,Fox
TRAIN,gs://project1-bigdata2/images/94531d7febf9b84d.jpg,Fox
TRAIN,gs://project1-bigdata2/images/986a89935d891767.jpg,Fox
TRAIN,gs://project1-bigdata2/images/9f25b529c9a79a76.jpg,Fox
TRAIN,gs://project1-bigdata2/images/a15baf51356749e2.jpg,Fox
TRAIN,gs://project1-bigdata2/images/a3eb5f8ed472bbbd.jpg,Fox
TRAIN,gs://project1-bigdata2/images/a4e3042bac5271d5.jpg,Fox
TRAIN,gs://project1-bigdata2/images/a87cfae6d7612bf6.jpg,Fox
TRAIN,gs://project1-bigdata2/images/a959492bf5514f1d.jpg,Fox
TRAIN,gs://project1-bigdata2/images/aab22da09e25b759.jpg,Fox
TRAIN,gs://project1-bigdata2/images/ae34175f75515841.jpg,Fox
TRAIN,gs://project1-bigdata2/images/ae5930ecbc05eae5.jpg,Fox
TRAIN,gs://project1-bigdata2/images/bcb0854d0901c261.jpg,Fox
TRAIN,gs://project1-bigdata2/images/bd6af6051f4b68bc.jpg,Fox
TRAIN,gs://project1-bigdata2/images/be69ea0ab7b6e76c.jpg,Fox
TRAIN,gs://project1-bigdata2/images/c031df984388c696.jpg,Fox
TRAIN,gs://project1-bigdata2/images/c0ae44ad9bde5223.jpg,Fox
TRAIN,gs://project1-bigdata2/images/c2f17d34eabbd341.jpg,Fox
TRAIN,gs://project1-bigdata2/images/c4913ac6cf149096.jpg,Fox
TRAIN,gs://project1-bigdata2/images/c4db389a33593f61.jpg,Fox
TRAIN,gs://project1-bigdata2/images/c6ecda39229ec095.jpg,Fox
TRAIN,gs://project1-bigdata2/images/ca6625731dd2381d.jpg,Fox
TRAIN,gs://project1-bigdata2/images/cafd76629238a511.jpg,Fox
VALIDATION,gs://project1-bigdata2/images/d286b401dfe1a58e.jpg,Fox
VALIDATION,gs://project1-bigdata2/images/d535e9a9dc77d839.jpg,Fox
VALIDATION,gs://project1-bigdata2/images/d8a6cc94b38c5893.jpg,Fox
VALIDATION,gs://project1-bigdata2/images/d95e72cd3860d2fe.jpg,Fox
VALIDATION,gs://project1-bigdata2/images/dcf65fffe4125877.jpg,Fox
VALIDATION,gs://project1-bigdata2/images/de9054c9be69c22a.jpg,Fox
VALIDATION,gs://project1-bigdata2/images/e170bbe6962db648.jpg,Fox
VALIDATION,gs://project1-bigdata2/images/e21e74fc3f43f632.jpg,Fox
VALIDATION,gs://project1-bigdata2/images/e35fca8150fc3249.jpg,Fox
VALIDATION,gs://project1-bigdata2/images/e5c84d61b3c3dad6.jpg,Fox
TEST,gs://project1-bigdata2/images/e73205a7deba9485.jpg,Fox
TEST,gs://project1-bigdata2/images/e7a132846235ba5d.jpg,Fox
TEST,gs://project1-bigdata2/images/e7fb2e5fa77aa635.jpg,Fox
TEST,gs://project1-bigdata2/images/eb692545ecbce61d.jpg,Fox
TEST,gs://project1-bigdata2/images/eebbd5258402512c.jpg,Fox
TEST,gs://project1-bigdata2/images/eec4d4f6b4f195d5.jpg,Fox
TEST,gs://project1-bigdata2/images/ef5cfda775a0bbfb.jpg,Fox
TEST,gs://project1-bigdata2/images/f0c3ee819c4fe2e6.jpg,Fox
TEST,gs://project1-bigdata2/images/f17a9caafc29bf55.jpg,Fox
TEST,gs://project1-bigdata2/images/f4dde5593cfc7b94.jpg,Fox
TRAIN,gs://project1-bigdata2/images/002d966db9db634c.jpg,Horse
TRAIN,gs://project1-bigdata2/images/00e789d671a484c6.jpg,Horse
TRAIN,gs://project1-bigdata2/images/01097eaa96dcfb20.jpg,Horse
TRAIN,gs://project1-bigdata2/images/014bcc2a3590db99.jpg,Horse
TRAIN,gs://project1-bigdata2/images/0162ec19a2664049.jpg,Horse
TRAIN,gs://project1-bigdata2/images/018d66fb024c0d25.jpg,Horse
TRAIN,gs://project1-bigdata2/images/01a978c9a171c107.jpg,Horse
TRAIN,gs://project1-bigdata2/images/025ec7dc8c2263b7.jpg,Horse
TRAIN,gs://project1-bigdata2/images/02955a95a4785d44.jpg,Horse
TRAIN,gs://project1-bigdata2/images/03504848e90a3706.jpg,Horse
TRAIN,gs://project1-bigdata2/images/03726844adb2e67a.jpg,Horse
TRAIN,gs://project1-bigdata2/images/041ad9ea598c47ad.jpg,Horse
TRAIN,gs://project1-bigdata2/images/043cfbb97cf7d0ef.jpg,Horse
TRAIN,gs://project1-bigdata2/images/049f7d67144f3e13.jpg,Horse
TRAIN,gs://project1-bigdata2/images/04faa90729789d70.jpg,Horse
TRAIN,gs://project1-bigdata2/images/05d9d537060881b6.jpg,Horse
TRAIN,gs://project1-bigdata2/images/05f0aa43a4bdd395.jpg,Horse
TRAIN,gs://project1-bigdata2/images/06bfb82021cba53e.jpg,Horse
TRAIN,gs://project1-bigdata2/images/06c17b79bde56cd3.jpg,Horse
TRAIN,gs://project1-bigdata2/images/06d79636ef2e7b27.jpg,Horse
TRAIN,gs://project1-bigdata2/images/06e64210b31f477d.jpg,Horse
TRAIN,gs://project1-bigdata2/images/070ff7a795140002.jpg,Horse
TRAIN,gs://project1-bigdata2/images/07638773cfbe2ee1.jpg,Horse
TRAIN,gs://project1-bigdata2/images/0783df765df73572.jpg,Horse
TRAIN,gs://project1-bigdata2/images/08d3314312c69620.jpg,Horse
TRAIN,gs://project1-bigdata2/images/091263fd8fb6becf.jpg,Horse
TRAIN,gs://project1-bigdata2/images/0925c326e6ee75ed.jpg,Horse
TRAIN,gs://project1-bigdata2/images/09af10ae61a4ef27.jpg,Horse
TRAIN,gs://project1-bigdata2/images/0a49dd9c2fbc8e54.jpg,Horse
TRAIN,gs://project1-bigdata2/images/0a8c7bbae99db4df.jpg,Horse
TRAIN,gs://project1-bigdata2/images/0b17d5cb644ef36b.jpg,Horse
TRAIN,gs://project1-bigdata2/images/0bb24c98e61ec7b2.jpg,Horse
TRAIN,gs://project1-bigdata2/images/0bbe5d91c4b0c6c9.jpg,Horse
TRAIN,gs://project1-bigdata2/images/0bd639cae82eb91c.jpg,Horse
TRAIN,gs://project1-bigdata2/images/0c9ba0a6b300209d.jpg,Horse
TRAIN,gs://project1-bigdata2/images/0ceacfd214ddb209.jpg,Horse
TRAIN,gs://project1-bigdata2/images/0d300fd27bb32524.jpg,Horse
TRAIN,gs://project1-bigdata2/images/0d41d737d89d7f3e.jpg,Horse
TRAIN,gs://project1-bigdata2/images/0d511ce79ae7cd96.jpg,Horse
TRAIN,gs://project1-bigdata2/images/0d98d0cea52c9f52.jpg,Horse
TRAIN,gs://project1-bigdata2/images/0dc9c6b1a0d95c70.jpg,Horse
TRAIN,gs://project1-bigdata2/images/0def43d0bd4744e3.jpg,Horse
TRAIN,gs://project1-bigdata2/images/0df4980c1dccda78.jpg,Horse
TRAIN,gs://project1-bigdata2/images/0e153b5bb0303fb4.jpg,Horse
TRAIN,gs://project1-bigdata2/images/0ebe4a9c575a2c85.jpg,Horse
TRAIN,gs://project1-bigdata2/images/0ee8ba563ee25959.jpg,Horse
TRAIN,gs://project1-bigdata2/images/0f8c1cc24a2fb47b.jpg,Horse
TRAIN,gs://project1-bigdata2/images/0f901c5dcb73e732.jpg,Horse
TRAIN,gs://project1-bigdata2/images/0fb656f0d8e27c9a.jpg,Horse
TRAIN,gs://project1-bigdata2/images/1018423367ef25bf.jpg,Horse
TRAIN,gs://project1-bigdata2/images/10962f6bc7c6d013.jpg,Horse
TRAIN,gs://project1-bigdata2/images/10a36a0e29c23c70.jpg,Horse
TRAIN,gs://project1-bigdata2/images/11f3bf6ff9f6120d.jpg,Horse
TRAIN,gs://project1-bigdata2/images/11f4313c24c2e27b.jpg,Horse
TRAIN,gs://project1-bigdata2/images/11fdd25a4b8b85d7.jpg,Horse
TRAIN,gs://project1-bigdata2/images/120a01ef5a123ef1.jpg,Horse
TRAIN,gs://project1-bigdata2/images/12cff10bc6b6ddf7.jpg,Horse
TRAIN,gs://project1-bigdata2/images/13af6d6e2b845388.jpg,Horse
TRAIN,gs://project1-bigdata2/images/13e366b80a184868.jpg,Horse
TRAIN,gs://project1-bigdata2/images/1447059b7e0c5c95.jpg,Horse
TRAIN,gs://project1-bigdata2/images/14d91a4e1de9c3f3.jpg,Horse
TRAIN,gs://project1-bigdata2/images/1504029bef1d4819.jpg,Horse
TRAIN,gs://project1-bigdata2/images/154cd0a8c596af31.jpg,Horse
TRAIN,gs://project1-bigdata2/images/161d46ef3569a9f6.jpg,Horse
TRAIN,gs://project1-bigdata2/images/1650987494baf4d9.jpg,Horse
TRAIN,gs://project1-bigdata2/images/167af8f2bde5db07.jpg,Horse
TRAIN,gs://project1-bigdata2/images/16f99168b74cff1a.jpg,Horse
TRAIN,gs://project1-bigdata2/images/175cfa9317d267de.jpg,Horse
TRAIN,gs://project1-bigdata2/images/17bcfecbd8e82f51.jpg,Horse
TRAIN,gs://project1-bigdata2/images/17bed7e41af2934f.jpg,Horse
TRAIN,gs://project1-bigdata2/images/17e5768a7771bbe5.jpg,Horse
TRAIN,gs://project1-bigdata2/images/186761841e01f9c7.jpg,Horse
TRAIN,gs://project1-bigdata2/images/188b03e4ea34c5e1.jpg,Horse
TRAIN,gs://project1-bigdata2/images/189f2b0b825a651d.jpg,Horse
TRAIN,gs://project1-bigdata2/images/18c3cd0af77a6e8a.jpg,Horse
TRAIN,gs://project1-bigdata2/images/18d962c7db9f1953.jpg,Horse
TRAIN,gs://project1-bigdata2/images/18dcbc544ca2ae8f.jpg,Horse
TRAIN,gs://project1-bigdata2/images/18e5dbb67158438c.jpg,Horse
TRAIN,gs://project1-bigdata2/images/190a2c84dec938bf.jpg,Horse
TRAIN,gs://project1-bigdata2/images/194f812bc0f9dceb.jpg,Horse
VALIDATION,gs://project1-bigdata2/images/198b358e894561c0.jpg,Horse
VALIDATION,gs://project1-bigdata2/images/1a559942e5bdd1fc.jpg,Horse
VALIDATION,gs://project1-bigdata2/images/1a7a899988454c84.jpg,Horse
VALIDATION,gs://project1-bigdata2/images/1aa3c928a4b63951.jpg,Horse
VALIDATION,gs://project1-bigdata2/images/1ad662910d8d6d5d.jpg,Horse
VALIDATION,gs://project1-bigdata2/images/1b3b104c032ae8cb.jpg,Horse
VALIDATION,gs://project1-bigdata2/images/1bdd43df7eca88c3.jpg,Horse
VALIDATION,gs://project1-bigdata2/images/1c6277704f808229.jpg,Horse
VALIDATION,gs://project1-bigdata2/images/1c69867a61d1427c.jpg,Horse
VALIDATION,gs://project1-bigdata2/images/1d265f42ca96c4c8.jpg,Horse
TEST,gs://project1-bigdata2/images/1d805560723345de.jpg,Horse
TEST,gs://project1-bigdata2/images/1e0f728da5a602f0.jpg,Horse
TEST,gs://project1-bigdata2/images/1e3c8f312cb93644.jpg,Horse
TEST,gs://project1-bigdata2/images/1f0be8d27b417bb4.jpg,Horse
TEST,gs://project1-bigdata2/images/203c6de0f0eb9dec.jpg,Horse
TEST,gs://project1-bigdata2/images/204812f59423bc81.jpg,Horse
TEST,gs://project1-bigdata2/images/206f16d2a0ebd435.jpg,Horse
TEST,gs://project1-bigdata2/images/20e04b5395c1ee8c.jpg,Horse
TEST,gs://project1-bigdata2/images/210fccc9699e4bf4.jpg,Horse
TEST,gs://project1-bigdata2/images/230c3eb8f22cee77.jpg,Horse
TRAIN,gs://project1-bigdata2/images/00a805f794d91315.jpg,Butterfly
TRAIN,gs://project1-bigdata2/images/00b34a3601c1398a.jpg,Butterfly
TRAIN,gs://project1-bigdata2/images/02916d7fbe44cb62.jpg,Butterfly
TRAIN,gs://project1-bigdata2/images/04d65e97b4d0461b.jpg,Butterfly
TRAIN,gs://project1-bigdata2/images/04f60f1af47f4157.jpg,Butterfly
TRAIN,gs://project1-bigdata2/images/05d4ff6e4b3031d6.jpg,Butterfly
TRAIN,gs://project1-bigdata2/images/0628d98a36cdb01a.jpg,Butterfly
TRAIN,gs://project1-bigdata2/images/06507b9821346770.jpg,Butterfly
TRAIN,gs://project1-bigdata2/images/0716f55d7debe300.jpg,Butterfly
TRAIN,gs://project1-bigdata2/images/07e02444758e34fd.jpg,Butterfly
TRAIN,gs://project1-bigdata2/images/08192d5cc57518d3.jpg,Butterfly
TRAIN,gs://project1-bigdata2/images/08cf3645808b56b4.jpg,Butterfly
TRAIN,gs://project1-bigdata2/images/091e747be8f80c04.jpg,Butterfly
TRAIN,gs://project1-bigdata2/images/0a4d46a98790f3a5.jpg,Butterfly
TRAIN,gs://project1-bigdata2/images/0aa1648b3cbae942.jpg,Butterfly
TRAIN,gs://project1-bigdata2/images/0ba8dea9487e3833.jpg,Butterfly
TRAIN,gs://project1-bigdata2/images/0c380be170720aa2.jpg,Butterfly
TRAIN,gs://project1-bigdata2/images/0c4aaa96a8254e66.jpg,Butterfly
TRAIN,gs://project1-bigdata2/images/0cbc154250fd7c76.jpg,Butterfly
TRAIN,gs://project1-bigdata2/images/0e1a738c9228bbaa.jpg,Butterfly
TRAIN,gs://project1-bigdata2/images/11708c1dd7f50ccf.jpg,Butterfly
TRAIN,gs://project1-bigdata2/images/123b32c39b212383.jpg,Butterfly
TRAIN,gs://project1-bigdata2/images/14e91e26ecadaa8e.jpg,Butterfly
TRAIN,gs://project1-bigdata2/images/15597982cbbf59c9.jpg,Butterfly
TRAIN,gs://project1-bigdata2/images/161767f64d78b66f.jpg,Butterfly
TRAIN,gs://project1-bigdata2/images/162dcc942aef3ec5.jpg,Butterfly
TRAIN,gs://project1-bigdata2/images/18ea670169234b7c.jpg,Butterfly
TRAIN,gs://project1-bigdata2/images/1912c6cccf53b30f.jpg,Butterfly
TRAIN,gs://project1-bigdata2/images/19fbff8d5ec1e4ac.jpg,Butterfly
TRAIN,gs://project1-bigdata2/images/1a64b60641b25f34.jpg,Butterfly
TRAIN,gs://project1-bigdata2/images/1aeea7ce956b887e.jpg,Butterfly
TRAIN,gs://project1-bigdata2/images/1cfdb83e25e9dc00.jpg,Butterfly
TRAIN,gs://project1-bigdata2/images/1d89428c1bd8aba9.jpg,Butterfly
TRAIN,gs://project1-bigdata2/images/1dd9c06b44cdeae2.jpg,Butterfly
TRAIN,gs://project1-bigdata2/images/1e136158d2f0aba3.jpg,Butterfly
TRAIN,gs://project1-bigdata2/images/219b0f0958647475.jpg,Butterfly
TRAIN,gs://project1-bigdata2/images/241e3919bb08057f.jpg,Butterfly
TRAIN,gs://project1-bigdata2/images/25404b3cc41ee1ad.jpg,Butterfly
TRAIN,gs://project1-bigdata2/images/26e54483dff56879.jpg,Butterfly
TRAIN,gs://project1-bigdata2/images/270f22b95b1cf6db.jpg,Butterfly
TRAIN,gs://project1-bigdata2/images/27f72e959ea8d576.jpg,Butterfly
TRAIN,gs://project1-bigdata2/images/28664ed293c2961a.jpg,Butterfly
TRAIN,gs://project1-bigdata2/images/2b16aa3ad37dfc7a.jpg,Butterfly
TRAIN,gs://project1-bigdata2/images/2ca1c6097e06ec8a.jpg,Butterfly
TRAIN,gs://project1-bigdata2/images/2fbf9abdc7ca6005.jpg,Butterfly
TRAIN,gs://project1-bigdata2/images/3110985e7f8935e7.jpg,Butterfly
TRAIN,gs://project1-bigdata2/images/3275bab450450f46.jpg,Butterfly
TRAIN,gs://project1-bigdata2/images/32b63342a1e484a0.jpg,Butterfly
TRAIN,gs://project1-bigdata2/images/330861ab904db90e.jpg,Butterfly
TRAIN,gs://project1-bigdata2/images/336eadd3732962f9.jpg,Butterfly
TRAIN,gs://project1-bigdata2/images/34cce31b3bb54cb4.jpg,Butterfly
TRAIN,gs://project1-bigdata2/images/3627feaef77531cd.jpg,Butterfly
TRAIN,gs://project1-bigdata2/images/366f53e9a6f0a1ef.jpg,Butterfly
TRAIN,gs://project1-bigdata2/images/376277227547ab4e.jpg,Butterfly
TRAIN,gs://project1-bigdata2/images/38265ee9bca34827.jpg,Butterfly
TRAIN,gs://project1-bigdata2/images/38b8a0f26b1d016e.jpg,Butterfly
TRAIN,gs://project1-bigdata2/images/38ff328a1a4ac4f6.jpg,Butterfly
TRAIN,gs://project1-bigdata2/images/39f874708acf6807.jpg,Butterfly
TRAIN,gs://project1-bigdata2/images/3c1d9a9fcd09c8d0.jpg,Butterfly
TRAIN,gs://project1-bigdata2/images/3d0c5ec5cad8fc1b.jpg,Butterfly
TRAIN,gs://project1-bigdata2/images/3d8fd48a41e8b430.jpg,Butterfly
TRAIN,gs://project1-bigdata2/images/3df74ff05bd44b5a.jpg,Butterfly
TRAIN,gs://project1-bigdata2/images/3e091b7d127033b8.jpg,Butterfly
TRAIN,gs://project1-bigdata2/images/3e2367cb7a78fc3b.jpg,Butterfly
TRAIN,gs://project1-bigdata2/images/3ef40a842efd6cda.jpg,Butterfly
TRAIN,gs://project1-bigdata2/images/3f6fda0bbbff93c6.jpg,Butterfly
TRAIN,gs://project1-bigdata2/images/40e77858b36e2d36.jpg,Butterfly
TRAIN,gs://project1-bigdata2/images/41f7b4a93baed5ba.jpg,Butterfly
TRAIN,gs://project1-bigdata2/images/4227260bb78c999a.jpg,Butterfly
TRAIN,gs://project1-bigdata2/images/42a0ffe871c642f1.jpg,Butterfly
TRAIN,gs://project1-bigdata2/images/42c8c754e1a5c51b.jpg,Butterfly
TRAIN,gs://project1-bigdata2/images/4370f8e884615887.jpg,Butterfly
TRAIN,gs://project1-bigdata2/images/4482fc0aacd76bce.jpg,Butterfly
TRAIN,gs://project1-bigdata2/images/45e08a7e52203ffa.jpg,Butterfly
TRAIN,gs://project1-bigdata2/images/4673ecd77f4543dc.jpg,Butterfly
TRAIN,gs://project1-bigdata2/images/47821d080c42ce83.jpg,Butterfly
TRAIN,gs://project1-bigdata2/images/47f94bdd50a4d2f1.jpg,Butterfly
TRAIN,gs://project1-bigdata2/images/4e6ddd971888f2a7.jpg,Butterfly
TRAIN,gs://project1-bigdata2/images/4ed0d695cb8728db.jpg,Butterfly
TRAIN,gs://project1-bigdata2/images/4fd74cec978320bb.jpg,Butterfly
VALIDATION,gs://project1-bigdata2/images/50b16878e779e34c.jpg,Butterfly
VALIDATION,gs://project1-bigdata2/images/5172f19f0a512134.jpg,Butterfly
VALIDATION,gs://project1-bigdata2/images/52e6852b032c0d86.jpg,Butterfly
VALIDATION,gs://project1-bigdata2/images/532b6a445345fdc7.jpg,Butterfly
VALIDATION,gs://project1-bigdata2/images/53559ecd646f8d60.jpg,Butterfly
VALIDATION,gs://project1-bigdata2/images/5475052635e9a792.jpg,Butterfly
VALIDATION,gs://project1-bigdata2/images/549ecd12424c6f8b.jpg,Butterfly
VALIDATION,gs://project1-bigdata2/images/54bee8af515dcf54.jpg,Butterfly
VALIDATION,gs://project1-bigdata2/images/57d466387058d21c.jpg,Butterfly
VALIDATION,gs://project1-bigdata2/images/59221933d2269286.jpg,Butterfly
TEST,gs://project1-bigdata2/images/59743453d684f826.jpg,Butterfly
TEST,gs://project1-bigdata2/images/5a22f3d920d6eed6.jpg,Butterfly
TEST,gs://project1-bigdata2/images/5a81fe2331003138.jpg,Butterfly
TEST,gs://project1-bigdata2/images/5b643325542515f0.jpg,Butterfly
TEST,gs://project1-bigdata2/images/5b87655d801cb8a4.jpg,Butterfly
TEST,gs://project1-bigdata2/images/5c20b6a6091705df.jpg,Butterfly
TEST,gs://project1-bigdata2/images/5cf7ada370a0991f.jpg,Butterfly
TEST,gs://project1-bigdata2/images/5efd5fa9fd81de0c.jpg,Butterfly
TEST,gs://project1-bigdata2/images/608a18df064b58f2.jpg,Butterfly
TEST,gs://project1-bigdata2/images/60caa6db3c2965f1.jpg,Butterfly
TRAIN,gs://project1-bigdata2/images/00567dcce4a5f7d9.jpg,Cat
TRAIN,gs://project1-bigdata2/images/00b6be538644be0b.jpg,Cat
TRAIN,gs://project1-bigdata2/images/00d9419e2faa59fa.jpg,Cat
TRAIN,gs://project1-bigdata2/images/00dd6d717c50e78b.jpg,Cat
TRAIN,gs://project1-bigdata2/images/012b40f0d9ccba39.jpg,Cat
TRAIN,gs://project1-bigdata2/images/017c776a67956dd9.jpg,Cat
TRAIN,gs://project1-bigdata2/images/018376cd9ec14643.jpg,Cat
TRAIN,gs://project1-bigdata2/images/01a471db31e88727.jpg,Cat
TRAIN,gs://project1-bigdata2/images/01cc07838fc28a68.jpg,Cat
TRAIN,gs://project1-bigdata2/images/01e368998a68ff28.jpg,Cat
TRAIN,gs://project1-bigdata2/images/01e836367cfb0c76.jpg,Cat
TRAIN,gs://project1-bigdata2/images/020418f41a5dde99.jpg,Cat
TRAIN,gs://project1-bigdata2/images/022d642a36f4a551.jpg,Cat
TRAIN,gs://project1-bigdata2/images/02530be4f2f64f16.jpg,Cat
TRAIN,gs://project1-bigdata2/images/02e94b92d16c65de.jpg,Cat
TRAIN,gs://project1-bigdata2/images/02fbcf6ff524762f.jpg,Cat
TRAIN,gs://project1-bigdata2/images/0329708e66a64efb.jpg,Cat
TRAIN,gs://project1-bigdata2/images/033797e7b2ae595b.jpg,Cat
TRAIN,gs://project1-bigdata2/images/0410eff2d01dd540.jpg,Cat
TRAIN,gs://project1-bigdata2/images/043d38140a8252f1.jpg,Cat
TRAIN,gs://project1-bigdata2/images/0447d6428b6c2cf0.jpg,Cat
TRAIN,gs://project1-bigdata2/images/046f48d5c2c8d898.jpg,Cat
TRAIN,gs://project1-bigdata2/images/048c5a3cccc35143.jpg,Cat
TRAIN,gs://project1-bigdata2/images/04bd02346a23482a.jpg,Cat
TRAIN,gs://project1-bigdata2/images/04bfa701fa169045.jpg,Cat
TRAIN,gs://project1-bigdata2/images/0524443ce8d771fb.jpg,Cat
TRAIN,gs://project1-bigdata2/images/0555c7f8d767cdae.jpg,Cat
TRAIN,gs://project1-bigdata2/images/0657ea93e09eeab8.jpg,Cat
TRAIN,gs://project1-bigdata2/images/066af2f8fe78235f.jpg,Cat
TRAIN,gs://project1-bigdata2/images/0675c64e78c43bd4.jpg,Cat
TRAIN,gs://project1-bigdata2/images/070796cae7b21655.jpg,Cat
TRAIN,gs://project1-bigdata2/images/072075cc0668cc68.jpg,Cat
TRAIN,gs://project1-bigdata2/images/07adde55744da629.jpg,Cat
TRAIN,gs://project1-bigdata2/images/07bdad692a27b235.jpg,Cat
TRAIN,gs://project1-bigdata2/images/07d9048a6e0dc007.jpg,Cat
TRAIN,gs://project1-bigdata2/images/07f0bbd3fd9f3448.jpg,Cat
TRAIN,gs://project1-bigdata2/images/07feb6cc3655dc87.jpg,Cat
TRAIN,gs://project1-bigdata2/images/08675994e6743b52.jpg,Cat
TRAIN,gs://project1-bigdata2/images/08e305c9897827dd.jpg,Cat
TRAIN,gs://project1-bigdata2/images/08eef8249bb1c096.jpg,Cat
TRAIN,gs://project1-bigdata2/images/094334ac0e2f0d9d.jpg,Cat
TRAIN,gs://project1-bigdata2/images/099d79a1168e95a2.jpg,Cat
TRAIN,gs://project1-bigdata2/images/09a727503e753c5d.jpg,Cat
TRAIN,gs://project1-bigdata2/images/09c1c18e1ca3f7c3.jpg,Cat
TRAIN,gs://project1-bigdata2/images/09c48ceb3b1dbaf9.jpg,Cat
TRAIN,gs://project1-bigdata2/images/0a10e5741162ef98.jpg,Cat
TRAIN,gs://project1-bigdata2/images/0a397c6757b20695.jpg,Cat
TRAIN,gs://project1-bigdata2/images/0a4bfa962852da33.jpg,Cat
TRAIN,gs://project1-bigdata2/images/0a652c84fb45f9a9.jpg,Cat
TRAIN,gs://project1-bigdata2/images/0ab266f92baec71c.jpg,Cat
TRAIN,gs://project1-bigdata2/images/0b061ceda8f590e7.jpg,Cat
TRAIN,gs://project1-bigdata2/images/0b1166e05c7e2705.jpg,Cat
TRAIN,gs://project1-bigdata2/images/0b1d8641c0a629e5.jpg,Cat
TRAIN,gs://project1-bigdata2/images/0b21383186fb9f81.jpg,Cat
TRAIN,gs://project1-bigdata2/images/0b3740b6e5bf6550.jpg,Cat
TRAIN,gs://project1-bigdata2/images/0b59ee0b31a5ab4e.jpg,Cat
TRAIN,gs://project1-bigdata2/images/0b748340e89165f4.jpg,Cat
TRAIN,gs://project1-bigdata2/images/0bb03b3cad0efb39.jpg,Cat
TRAIN,gs://project1-bigdata2/images/0bd7249cd8e061ba.jpg,Cat
TRAIN,gs://project1-bigdata2/images/0bf0f85a86ad212f.jpg,Cat
TRAIN,gs://project1-bigdata2/images/0c15cedc8716a24b.jpg,Cat
TRAIN,gs://project1-bigdata2/images/0c783b33f01f7cac.jpg,Cat
TRAIN,gs://project1-bigdata2/images/0c7a5b1dea4d17a9.jpg,Cat
TRAIN,gs://project1-bigdata2/images/0cb8808f7615904e.jpg,Cat
TRAIN,gs://project1-bigdata2/images/0cbf8493b636ce37.jpg,Cat
TRAIN,gs://project1-bigdata2/images/0cfd4e0fc4f1bf56.jpg,Cat
TRAIN,gs://project1-bigdata2/images/0d04a6ac9f82d487.jpg,Cat
TRAIN,gs://project1-bigdata2/images/0d2486e1b0367db4.jpg,Cat
TRAIN,gs://project1-bigdata2/images/0d64005d60bca667.jpg,Cat
TRAIN,gs://project1-bigdata2/images/0e2715e7343f6ec3.jpg,Cat
TRAIN,gs://project1-bigdata2/images/0e2e5369865ba607.jpg,Cat
TRAIN,gs://project1-bigdata2/images/0e47cf48693a0bd4.jpg,Cat
TRAIN,gs://project1-bigdata2/images/0ea4852b0c090058.jpg,Cat
TRAIN,gs://project1-bigdata2/images/0ed2ce28c4d654bd.jpg,Cat
TRAIN,gs://project1-bigdata2/images/0f4ab59a2fdaadb8.jpg,Cat
TRAIN,gs://project1-bigdata2/images/0fc70d3067def51b.jpg,Cat
TRAIN,gs://project1-bigdata2/images/0ff037d4305d0f10.jpg,Cat
TRAIN,gs://project1-bigdata2/images/0ffa5ed1c5e9eeae.jpg,Cat
TRAIN,gs://project1-bigdata2/images/0ffc9bb1e54039f4.jpg,Cat
TRAIN,gs://project1-bigdata2/images/0fff06272cf4da8b.jpg,Cat
VALIDATION,gs://project1-bigdata2/images/10214ca8b5a6aa93.jpg,Cat
VALIDATION,gs://project1-bigdata2/images/106a71475c38d177.jpg,Cat
VALIDATION,gs://project1-bigdata2/images/1079052e02163b61.jpg,Cat
VALIDATION,gs://project1-bigdata2/images/10d3664ec0bb4dc9.jpg,Cat
VALIDATION,gs://project1-bigdata2/images/11576c45895da4ba.jpg,Cat
VALIDATION,gs://project1-bigdata2/images/123b018bf069b759.jpg,Cat
VALIDATION,gs://project1-bigdata2/images/12d23628822d875f.jpg,Cat
VALIDATION,gs://project1-bigdata2/images/12d411b8aa57ea1d.jpg,Cat
VALIDATION,gs://project1-bigdata2/images/12e262615d71d0d8.jpg,Cat
VALIDATION,gs://project1-bigdata2/images/12e3a191ec6d32a6.jpg,Cat
TEST,gs://project1-bigdata2/images/12fa64f36ad08c5b.jpg,Cat
TEST,gs://project1-bigdata2/images/138323ddc170f97e.jpg,Cat
TEST,gs://project1-bigdata2/images/138ea2ee825b8b9a.jpg,Cat
TEST,gs://project1-bigdata2/images/13f8a57a12298e3f.jpg,Cat
TEST,gs://project1-bigdata2/images/1437c062ffadd25f.jpg,Cat
TEST,gs://project1-bigdata2/images/14857eda90de0088.jpg,Cat
TEST,gs://project1-bigdata2/images/14f100eb85e81b95.jpg,Cat
TEST,gs://project1-bigdata2/images/150a0a4623ed8a91.jpg,Cat
TEST,gs://project1-bigdata2/images/1521f8e16a5f7fdd.jpg,Cat
TEST,gs://project1-bigdata2/images/15441f45d3ec4ef2.jpg,Cat
TRAIN,gs://project1-bigdata2/images/000ccf1d00f7f1cd.jpg,Dog
TRAIN,gs://project1-bigdata2/images/004130acea29204f.jpg,Dog
TRAIN,gs://project1-bigdata2/images/004421e64e1be85b.jpg,Dog
TRAIN,gs://project1-bigdata2/images/0050fb46c84869b1.jpg,Dog
TRAIN,gs://project1-bigdata2/images/0071f9565601cb51.jpg,Dog
TRAIN,gs://project1-bigdata2/images/007a4d234b26981c.jpg,Dog
TRAIN,gs://project1-bigdata2/images/00802a215c4359e6.jpg,Dog
TRAIN,gs://project1-bigdata2/images/008ba50da8ca4bd6.jpg,Dog
TRAIN,gs://project1-bigdata2/images/008f6d9128e5aa5f.jpg,Dog
TRAIN,gs://project1-bigdata2/images/00924896424a6180.jpg,Dog
TRAIN,gs://project1-bigdata2/images/00a3bd25941af8a6.jpg,Dog
TRAIN,gs://project1-bigdata2/images/00a8361fbe82a0a7.jpg,Dog
TRAIN,gs://project1-bigdata2/images/00b39653add898a0.jpg,Dog
TRAIN,gs://project1-bigdata2/images/00bd6fef2f8cfd58.jpg,Dog
TRAIN,gs://project1-bigdata2/images/00c2050e8dbad885.jpg,Dog
TRAIN,gs://project1-bigdata2/images/00c6e88291c33874.jpg,Dog
TRAIN,gs://project1-bigdata2/images/00c8cc0ca100783a.jpg,Dog
TRAIN,gs://project1-bigdata2/images/00dc47ab78f74f2d.jpg,Dog
TRAIN,gs://project1-bigdata2/images/00e868abf770f2e5.jpg,Dog
TRAIN,gs://project1-bigdata2/images/012d326f2854f564.jpg,Dog
TRAIN,gs://project1-bigdata2/images/014a106c70423f16.jpg,Dog
TRAIN,gs://project1-bigdata2/images/014e07d4f5ab6c26.jpg,Dog
TRAIN,gs://project1-bigdata2/images/0150ef8e30b2f283.jpg,Dog
TRAIN,gs://project1-bigdata2/images/015503f90beb5a38.jpg,Dog
TRAIN,gs://project1-bigdata2/images/015b51526d6813b5.jpg,Dog
TRAIN,gs://project1-bigdata2/images/016132490f8ec495.jpg,Dog
TRAIN,gs://project1-bigdata2/images/017c5a5507ec70b8.jpg,Dog
TRAIN,gs://project1-bigdata2/images/0182142868e2ff55.jpg,Dog
TRAIN,gs://project1-bigdata2/images/0186e00a09cbae0e.jpg,Dog
TRAIN,gs://project1-bigdata2/images/019e31d8de913484.jpg,Dog
TRAIN,gs://project1-bigdata2/images/01b932a56adc9f0e.jpg,Dog
TRAIN,gs://project1-bigdata2/images/01ee79a4f50483ca.jpg,Dog
TRAIN,gs://project1-bigdata2/images/01ee85b236b57b7f.jpg,Dog
TRAIN,gs://project1-bigdata2/images/01ee8f959a667f5d.jpg,Dog
TRAIN,gs://project1-bigdata2/images/01fbf977a317ae22.jpg,Dog
TRAIN,gs://project1-bigdata2/images/02120c8ba78652da.jpg,Dog
TRAIN,gs://project1-bigdata2/images/0212a1ed87520519.jpg,Dog
TRAIN,gs://project1-bigdata2/images/021f622b01d6d812.jpg,Dog
TRAIN,gs://project1-bigdata2/images/0223b98566f9eb7c.jpg,Dog
TRAIN,gs://project1-bigdata2/images/022c21f0bd9e18d1.jpg,Dog
TRAIN,gs://project1-bigdata2/images/022e89969b239b63.jpg,Dog
TRAIN,gs://project1-bigdata2/images/023fc4e45c22f702.jpg,Dog
TRAIN,gs://project1-bigdata2/images/025a89926915d707.jpg,Dog
TRAIN,gs://project1-bigdata2/images/025b5eb416f73312.jpg,Dog
TRAIN,gs://project1-bigdata2/images/025e7134fd22c69c.jpg,Dog
TRAIN,gs://project1-bigdata2/images/026a0164abfc43ca.jpg,Dog
TRAIN,gs://project1-bigdata2/images/028363ddd78950c6.jpg,Dog
TRAIN,gs://project1-bigdata2/images/028a5497e6fa5c02.jpg,Dog
TRAIN,gs://project1-bigdata2/images/029096bb7f199843.jpg,Dog
TRAIN,gs://project1-bigdata2/images/029a799730eb8b30.jpg,Dog
TRAIN,gs://project1-bigdata2/images/02a69a60ecf689d8.jpg,Dog
TRAIN,gs://project1-bigdata2/images/02aa62a18370d3ed.jpg,Dog
TRAIN,gs://project1-bigdata2/images/02b197773b33c9c1.jpg,Dog
TRAIN,gs://project1-bigdata2/images/02ba71c35fa1520a.jpg,Dog
TRAIN,gs://project1-bigdata2/images/02c0431bfaa8d2e5.jpg,Dog
TRAIN,gs://project1-bigdata2/images/02c65fc2dddbd85f.jpg,Dog
TRAIN,gs://project1-bigdata2/images/02cef6aec25ce81c.jpg,Dog
TRAIN,gs://project1-bigdata2/images/02ea9e7f71cc2ee5.jpg,Dog
TRAIN,gs://project1-bigdata2/images/02ecda99aed5218a.jpg,Dog
TRAIN,gs://project1-bigdata2/images/02f32054e66c81ed.jpg,Dog
TRAIN,gs://project1-bigdata2/images/03199826c4aab1e3.jpg,Dog
TRAIN,gs://project1-bigdata2/images/0319a2749920f37b.jpg,Dog
TRAIN,gs://project1-bigdata2/images/031c316f39517c8a.jpg,Dog
TRAIN,gs://project1-bigdata2/images/031de3300e00b7cb.jpg,Dog
TRAIN,gs://project1-bigdata2/images/033b0600c4c5e0eb.jpg,Dog
TRAIN,gs://project1-bigdata2/images/033b1a4ed34119dd.jpg,Dog
TRAIN,gs://project1-bigdata2/images/033fc1bba2ca7014.jpg,Dog
TRAIN,gs://project1-bigdata2/images/036f172343c1caff.jpg,Dog
TRAIN,gs://project1-bigdata2/images/037138c8f60eb471.jpg,Dog
TRAIN,gs://project1-bigdata2/images/0383344f7f8060f9.jpg,Dog
TRAIN,gs://project1-bigdata2/images/0385d1bbc6fbeff0.jpg,Dog
TRAIN,gs://project1-bigdata2/images/038a80480f2cf449.jpg,Dog
TRAIN,gs://project1-bigdata2/images/03b15b92e531503d.jpg,Dog
TRAIN,gs://project1-bigdata2/images/03be3d825bdcb947.jpg,Dog
TRAIN,gs://project1-bigdata2/images/03d89e83702778e1.jpg,Dog
TRAIN,gs://project1-bigdata2/images/03e8ca1c25ed556d.jpg,Dog
TRAIN,gs://project1-bigdata2/images/03ec1451f0e754bf.jpg,Dog
TRAIN,gs://project1-bigdata2/images/03f080874978cf1f.jpg,Dog
TRAIN,gs://project1-bigdata2/images/03f7bc19f6697b00.jpg,Dog
TRAIN,gs://project1-bigdata2/images/03ffc0b7c71400e3.jpg,Dog
VALIDATION,gs://project1-bigdata2/images/041a336e612636c1.jpg,Dog
VALIDATION,gs://project1-bigdata2/images/042b5b3455706904.jpg,Dog
VALIDATION,gs://project1-bigdata2/images/043d162202466e72.jpg,Dog
VALIDATION,gs://project1-bigdata2/images/044b0ab97d4f68ff.jpg,Dog
VALIDATION,gs://project1-bigdata2/images/044e531b8a0f9585.jpg,Dog
VALIDATION,gs://project1-bigdata2/images/044f8e2e5f773be3.jpg,Dog
VALIDATION,gs://project1-bigdata2/images/0458034c81d6f267.jpg,Dog
VALIDATION,gs://project1-bigdata2/images/0461f5305cac6365.jpg,Dog
VALIDATION,gs://project1-bigdata2/images/0462dce081edfda4.jpg,Dog
VALIDATION,gs://project1-bigdata2/images/0474e6370379b6f8.jpg,Dog
TEST,gs://project1-bigdata2/images/04874a101b837f2f.jpg,Dog
TEST,gs://project1-bigdata2/images/0493ab65816a374b.jpg,Dog
TEST,gs://project1-bigdata2/images/049df9a38488f576.jpg,Dog
TEST,gs://project1-bigdata2/images/04ac25b79a678e61.jpg,Dog
TEST,gs://project1-bigdata2/images/04ae2dc76ed8380f.jpg,Dog
TEST,gs://project1-bigdata2/images/04bf1016f91f212b.jpg,Dog
TEST,gs://project1-bigdata2/images/04c3e6a5f8b7e5ae.jpg,Dog
TEST,gs://project1-bigdata2/images/04e76fb1951f69c0.jpg,Dog
TEST,gs://project1-bigdata2/images/04f8944064660d8f.jpg,Dog
TEST,gs://project1-bigdata2/images/04f97166b15ec429.jpg,Dog
TRAIN,gs://project1-bigdata2/images/000e4e7ed48c932d.jpg,Bee
TRAIN,gs://project1-bigdata2/images/017b66301f769755.jpg,Bee
TRAIN,gs://project1-bigdata2/images/025c246aeb6d6b02.jpg,Bee
TRAIN,gs://project1-bigdata2/images/0443e649baad6b53.jpg,Bee
TRAIN,gs://project1-bigdata2/images/0445e5340f210120.jpg,Bee
TRAIN,gs://project1-bigdata2/images/046f82bfaf124051.jpg,Bee
TRAIN,gs://project1-bigdata2/images/05cadc08d0b91ff7.jpg,Bee
TRAIN,gs://project1-bigdata2/images/05cdef845a7b0045.jpg,Bee
TRAIN,gs://project1-bigdata2/images/06afae8665b2dab7.jpg,Bee
TRAIN,gs://project1-bigdata2/images/0a4ecb2f027209f6.jpg,Bee
TRAIN,gs://project1-bigdata2/images/0cc4b30d125a80d8.jpg,Bee
TRAIN,gs://project1-bigdata2/images/0d0bdcc1dcd64c95.jpg,Bee
TRAIN,gs://project1-bigdata2/images/0dc816c9cd4fce12.jpg,Bee
TRAIN,gs://project1-bigdata2/images/0e2865a812f2d8cb.jpg,Bee
TRAIN,gs://project1-bigdata2/images/0f8a109dbd1784be.jpg,Bee
TRAIN,gs://project1-bigdata2/images/0f93595c478cd388.jpg,Bee
TRAIN,gs://project1-bigdata2/images/0fe1f1d49da210fa.jpg,Bee
TRAIN,gs://project1-bigdata2/images/0fff956ea9fe6584.jpg,Bee
TRAIN,gs://project1-bigdata2/images/104c541de52b3347.jpg,Bee
TRAIN,gs://project1-bigdata2/images/10626368043a3bd2.jpg,Bee
TRAIN,gs://project1-bigdata2/images/128dde15059fcb20.jpg,Bee
TRAIN,gs://project1-bigdata2/images/132e66dc9d77a9c1.jpg,Bee
TRAIN,gs://project1-bigdata2/images/15107ca86d05e7e8.jpg,Bee
TRAIN,gs://project1-bigdata2/images/1554824fd4ebdc5f.jpg,Bee
TRAIN,gs://project1-bigdata2/images/15836c6284141870.jpg,Bee
TRAIN,gs://project1-bigdata2/images/1732344e020b0c55.jpg,Bee
TRAIN,gs://project1-bigdata2/images/17d286a973db5a6f.jpg,Bee
TRAIN,gs://project1-bigdata2/images/198f2bd0f0ca3add.jpg,Bee
TRAIN,gs://project1-bigdata2/images/19b383918e412877.jpg,Bee
TRAIN,gs://project1-bigdata2/images/1b3bc6fa905a8aaf.jpg,Bee
TRAIN,gs://project1-bigdata2/images/1b6446994d0d5f43.jpg,Bee
TRAIN,gs://project1-bigdata2/images/1d0c2feeba30732c.jpg,Bee
TRAIN,gs://project1-bigdata2/images/1d47fc722e9dbe23.jpg,Bee
TRAIN,gs://project1-bigdata2/images/1e728158d7fe164a.jpg,Bee
TRAIN,gs://project1-bigdata2/images/1f0326dd6d9d386e.jpg,Bee
TRAIN,gs://project1-bigdata2/images/1f25c121b9a46a73.jpg,Bee
TRAIN,gs://project1-bigdata2/images/1fe4aa75afb72d14.jpg,Bee
TRAIN,gs://project1-bigdata2/images/1fec65ea011a9aaa.jpg,Bee
TRAIN,gs://project1-bigdata2/images/20e8ba7f89b9b97f.jpg,Bee
TRAIN,gs://project1-bigdata2/images/2126a898dc2b9b9d.jpg,Bee
TRAIN,gs://project1-bigdata2/images/2170a464c709e9e9.jpg,Bee
TRAIN,gs://project1-bigdata2/images/21b3a857af4d7db0.jpg,Bee
TRAIN,gs://project1-bigdata2/images/23ee398942c56648.jpg,Bee
TRAIN,gs://project1-bigdata2/images/251fa3ed30dec32a.jpg,Bee
TRAIN,gs://project1-bigdata2/images/25e5fb7b91c8ace3.jpg,Bee
TRAIN,gs://project1-bigdata2/images/268ae3159024cdfa.jpg,Bee
TRAIN,gs://project1-bigdata2/images/278584e221ebe1da.jpg,Bee
TRAIN,gs://project1-bigdata2/images/281f810c14f66193.jpg,Bee
TRAIN,gs://project1-bigdata2/images/28e7d3c479419fc0.jpg,Bee
TRAIN,gs://project1-bigdata2/images/28fd47c9f1a39388.jpg,Bee
TRAIN,gs://project1-bigdata2/images/29afffcc6229a898.jpg,Bee
TRAIN,gs://project1-bigdata2/images/2a5120f760e0a354.jpg,Bee
TRAIN,gs://project1-bigdata2/images/2b52085f4ca118e1.jpg,Bee
TRAIN,gs://project1-bigdata2/images/2d0c0fe2c70f3dd9.jpg,Bee
TRAIN,gs://project1-bigdata2/images/2dab41d4d222bc8f.jpg,Bee
TRAIN,gs://project1-bigdata2/images/2dbc06d9a808623c.jpg,Bee
TRAIN,gs://project1-bigdata2/images/2dd800c66dab4797.jpg,Bee
TRAIN,gs://project1-bigdata2/images/2f0168cfa29633a2.jpg,Bee
TRAIN,gs://project1-bigdata2/images/31fc5927deae22ac.jpg,Bee
TRAIN,gs://project1-bigdata2/images/334b0c4274c15c52.jpg,Bee
TRAIN,gs://project1-bigdata2/images/3444583cb898d31c.jpg,Bee
TRAIN,gs://project1-bigdata2/images/363e77ebb7b1182f.jpg,Bee
TRAIN,gs://project1-bigdata2/images/3692b6d247a1f689.jpg,Bee
TRAIN,gs://project1-bigdata2/images/37c1f9016ef95123.jpg,Bee
TRAIN,gs://project1-bigdata2/images/3837b7c544916eaf.jpg,Bee
TRAIN,gs://project1-bigdata2/images/38916461df62a29c.jpg,Bee
TRAIN,gs://project1-bigdata2/images/394b63a673533a29.jpg,Bee
TRAIN,gs://project1-bigdata2/images/3b11ff17f15a6d0c.jpg,Bee
TRAIN,gs://project1-bigdata2/images/3e05383a2ab010c0.jpg,Bee
TRAIN,gs://project1-bigdata2/images/3fc432a2546ddfe8.jpg,Bee
TRAIN,gs://project1-bigdata2/images/40b1c6b1c2aaf7e5.jpg,Bee
TRAIN,gs://project1-bigdata2/images/423b6383fdd456c6.jpg,Bee
TRAIN,gs://project1-bigdata2/images/42c51776524e5ceb.jpg,Bee
TRAIN,gs://project1-bigdata2/images/4476bdcdcca11904.jpg,Bee
TRAIN,gs://project1-bigdata2/images/463e447e33845aa1.jpg,Bee
TRAIN,gs://project1-bigdata2/images/477108e964a03f61.jpg,Bee
TRAIN,gs://project1-bigdata2/images/47a3978bf308d923.jpg,Bee
TRAIN,gs://project1-bigdata2/images/4917625f032af0b4.jpg,Bee
TRAIN,gs://project1-bigdata2/images/495d3bca74f3813e.jpg,Bee
TRAIN,gs://project1-bigdata2/images/4afd9517ca2fffcf.jpg,Bee
VALIDATION,gs://project1-bigdata2/images/4ba4d91275fc27c9.jpg,Bee
VALIDATION,gs://project1-bigdata2/images/4dfe32a553898142.jpg,Bee
VALIDATION,gs://project1-bigdata2/images/4e72a393fb6acf27.jpg,Bee
VALIDATION,gs://project1-bigdata2/images/57ed66adf418222a.jpg,Bee
VALIDATION,gs://project1-bigdata2/images/584ef0c4b83fe888.jpg,Bee
VALIDATION,gs://project1-bigdata2/images/58a36c0f09e8e5d8.jpg,Bee
VALIDATION,gs://project1-bigdata2/images/58a81dce6d1807a2.jpg,Bee
VALIDATION,gs://project1-bigdata2/images/59010a3cd511c126.jpg,Bee
VALIDATION,gs://project1-bigdata2/images/59510e3343b2438b.jpg,Bee
VALIDATION,gs://project1-bigdata2/images/59b073399ece1fb6.jpg,Bee
TEST,gs://project1-bigdata2/images/5adaf5902a0aa3d7.jpg,Bee
TEST,gs://project1-bigdata2/images/5bc60130ecff0cbd.jpg,Bee
TEST,gs://project1-bigdata2/images/5e80eedb97b19c9c.jpg,Bee
TEST,gs://project1-bigdata2/images/5f052c328ea047f3.jpg,Bee
TEST,gs://project1-bigdata2/images/5faf4d386d5754e1.jpg,Bee
TEST,gs://project1-bigdata2/images/60bf9a3510305ffb.jpg,Bee
TEST,gs://project1-bigdata2/images/60f2f656398fc0a9.jpg,Bee
TEST,gs://project1-bigdata2/images/63d5085346ff661b.jpg,Bee
TEST,gs://project1-bigdata2/images/66468bd946eb5c3a.jpg,Bee
TEST,gs://project1-bigdata2/images/670321baf5e79dea.jpg,Bee
TRAIN,gs://project1-bigdata2/images/0195d3043a0ca861.jpg,Pig
TRAIN,gs://project1-bigdata2/images/04b0a32bc3ab93ed.jpg,Pig
TRAIN,gs://project1-bigdata2/images/07643ac96638eaa3.jpg,Pig
TRAIN,gs://project1-bigdata2/images/0d1b88b1cfc5c168.jpg,Pig
TRAIN,gs://project1-bigdata2/images/0d65d973b494e9a4.jpg,Pig
TRAIN,gs://project1-bigdata2/images/0f363b9c2622dd3d.jpg,Pig
TRAIN,gs://project1-bigdata2/images/1379210b5a7e9617.jpg,Pig
TRAIN,gs://project1-bigdata2/images/18695ae26d89f270.jpg,Pig
TRAIN,gs://project1-bigdata2/images/1ad34cc57a04a8f6.jpg,Pig
TRAIN,gs://project1-bigdata2/images/1e898c79939fe41b.jpg,Pig
TRAIN,gs://project1-bigdata2/images/211730c44a304888.jpg,Pig
TRAIN,gs://project1-bigdata2/images/236884504482479e.jpg,Pig
TRAIN,gs://project1-bigdata2/images/24ff055e191fea5d.jpg,Pig
TRAIN,gs://project1-bigdata2/images/26a5dae6871986b6.jpg,Pig
TRAIN,gs://project1-bigdata2/images/2705935bd7012868.jpg,Pig
TRAIN,gs://project1-bigdata2/images/2feca1a4fc2a4620.jpg,Pig
TRAIN,gs://project1-bigdata2/images/30eaac5198bfc49f.jpg,Pig
TRAIN,gs://project1-bigdata2/images/3389b37c28265830.jpg,Pig
TRAIN,gs://project1-bigdata2/images/3434d8d161145565.jpg,Pig
TRAIN,gs://project1-bigdata2/images/379872b4e7ed6738.jpg,Pig
TRAIN,gs://project1-bigdata2/images/39acff426c2fe26d.jpg,Pig
TRAIN,gs://project1-bigdata2/images/3b6060d0bcc67141.jpg,Pig
TRAIN,gs://project1-bigdata2/images/3b8360f1820f4728.jpg,Pig
TRAIN,gs://project1-bigdata2/images/3cae2d66a364b7ab.jpg,Pig
TRAIN,gs://project1-bigdata2/images/3d4f2ce25a369f2a.jpg,Pig
TRAIN,gs://project1-bigdata2/images/432410e6487f58c5.jpg,Pig
TRAIN,gs://project1-bigdata2/images/44284df6501fbbed.jpg,Pig
TRAIN,gs://project1-bigdata2/images/45361ea05eaf2d42.jpg,Pig
TRAIN,gs://project1-bigdata2/images/45938f6164cfd8b2.jpg,Pig
TRAIN,gs://project1-bigdata2/images/4b079729a0e71846.jpg,Pig
TRAIN,gs://project1-bigdata2/images/4b9f075ff708afec.jpg,Pig
TRAIN,gs://project1-bigdata2/images/51ec8353aacfa9ba.jpg,Pig
TRAIN,gs://project1-bigdata2/images/53c5a20a8c859872.jpg,Pig
TRAIN,gs://project1-bigdata2/images/55a3e2b8816056fa.jpg,Pig
TRAIN,gs://project1-bigdata2/images/5885b267b2ee7620.jpg,Pig
TRAIN,gs://project1-bigdata2/images/5b610077cfdc0224.jpg,Pig
TRAIN,gs://project1-bigdata2/images/5cb4587ec30a3020.jpg,Pig
TRAIN,gs://project1-bigdata2/images/5ce3c1a71b726f81.jpg,Pig
TRAIN,gs://project1-bigdata2/images/5e4461eb17f57029.jpg,Pig
TRAIN,gs://project1-bigdata2/images/600a2b8a40329ef4.jpg,Pig
TRAIN,gs://project1-bigdata2/images/6080e078dce6dcb3.jpg,Pig
TRAIN,gs://project1-bigdata2/images/66adba75114db4ae.jpg,Pig
TRAIN,gs://project1-bigdata2/images/67c9c47a03799b03.jpg,Pig
TRAIN,gs://project1-bigdata2/images/6858a67cc1a73df7.jpg,Pig
TRAIN,gs://project1-bigdata2/images/690d9cb2a253749a.jpg,Pig
TRAIN,gs://project1-bigdata2/images/69da9be81732466f.jpg,Pig
TRAIN,gs://project1-bigdata2/images/69e670d7ecb21849.jpg,Pig
TRAIN,gs://project1-bigdata2/images/6b04268d7ab8ce7e.jpg,Pig
TRAIN,gs://project1-bigdata2/images/6bbfb0e48a2a60c9.jpg,Pig
TRAIN,gs://project1-bigdata2/images/6d4c6945c56dfa1c.jpg,Pig
TRAIN,gs://project1-bigdata2/images/6ebf73f324c82e8c.jpg,Pig
TRAIN,gs://project1-bigdata2/images/6f23d839d9bcf0c6.jpg,Pig
TRAIN,gs://project1-bigdata2/images/6fc5d24cfd1f3a0d.jpg,Pig
TRAIN,gs://project1-bigdata2/images/70113cc5a984e3cc.jpg,Pig
TRAIN,gs://project1-bigdata2/images/70e0d02d09d05f5d.jpg,Pig
TRAIN,gs://project1-bigdata2/images/7326dad470ac6696.jpg,Pig
TRAIN,gs://project1-bigdata2/images/75a50af1fdb8dedd.jpg,Pig
TRAIN,gs://project1-bigdata2/images/75a7f293757b12fd.jpg,Pig
TRAIN,gs://project1-bigdata2/images/75fbc1b2c21a284e.jpg,Pig
TRAIN,gs://project1-bigdata2/images/768ad47db0cc83bf.jpg,Pig
TRAIN,gs://project1-bigdata2/images/76d1843e23111eda.jpg,Pig
TRAIN,gs://project1-bigdata2/images/77e9f9856f19d12d.jpg,Pig
TRAIN,gs://project1-bigdata2/images/78c60a1fcbdd9ed9.jpg,Pig
TRAIN,gs://project1-bigdata2/images/7f34267f10f04b4b.jpg,Pig
TRAIN,gs://project1-bigdata2/images/84ca45da995e26fd.jpg,Pig
TRAIN,gs://project1-bigdata2/images/866b0946b9b95345.jpg,Pig
TRAIN,gs://project1-bigdata2/images/875a785269a4d5fa.jpg,Pig
TRAIN,gs://project1-bigdata2/images/878f976a35f4337c.jpg,Pig
TRAIN,gs://project1-bigdata2/images/8a6eec9f43a9dd4d.jpg,Pig
TRAIN,gs://project1-bigdata2/images/8ac465296a30a14e.jpg,Pig
TRAIN,gs://project1-bigdata2/images/8cc1ecda1456c4df.jpg,Pig
TRAIN,gs://project1-bigdata2/images/8cc80b39fec7abc1.jpg,Pig
TRAIN,gs://project1-bigdata2/images/8f92c1c5ae75cc7c.jpg,Pig
TRAIN,gs://project1-bigdata2/images/93edf0722378ca39.jpg,Pig
TRAIN,gs://project1-bigdata2/images/94210bf7a70ab179.jpg,Pig
TRAIN,gs://project1-bigdata2/images/94da6c243687bb64.jpg,Pig
TRAIN,gs://project1-bigdata2/images/9737ea13cba12d35.jpg,Pig
TRAIN,gs://project1-bigdata2/images/9963deea9dbc24dd.jpg,Pig
TRAIN,gs://project1-bigdata2/images/9a63414e6084c3fd.jpg,Pig
TRAIN,gs://project1-bigdata2/images/9a988fb78573458c.jpg,Pig
VALIDATION,gs://project1-bigdata2/images/9b237883ded9f898.jpg,Pig
VALIDATION,gs://project1-bigdata2/images/a3a4414cfdf4925b.jpg,Pig
VALIDATION,gs://project1-bigdata2/images/a4c4566538dbcd28.jpg,Pig
VALIDATION,gs://project1-bigdata2/images/a7bb18f48660ae49.jpg,Pig
VALIDATION,gs://project1-bigdata2/images/a932b50d05ce0c0a.jpg,Pig
VALIDATION,gs://project1-bigdata2/images/abaa73a1ab684eb9.jpg,Pig
VALIDATION,gs://project1-bigdata2/images/ac3ee30e8fb53cfc.jpg,Pig
VALIDATION,gs://project1-bigdata2/images/ade5df2798de8406.jpg,Pig
VALIDATION,gs://project1-bigdata2/images/af762d11789236f3.jpg,Pig
VALIDATION,gs://project1-bigdata2/images/b03d181a3b30e590.jpg,Pig
TEST,gs://project1-bigdata2/images/b1f716ea6f05df96.jpg,Pig
TEST,gs://project1-bigdata2/images/b4b4812d5a9296a2.jpg,Pig
TEST,gs://project1-bigdata2/images/b51170d3172cd39b.jpg,Pig
TEST,gs://project1-bigdata2/images/b851e78653915f92.jpg,Pig
TEST,gs://project1-bigdata2/images/bda2b7c67e791b33.jpg,Pig
TEST,gs://project1-bigdata2/images/bf343a3574d77095.jpg,Pig
TEST,gs://project1-bigdata2/images/c090735b3fc85a2f.jpg,Pig
TEST,gs://project1-bigdata2/images/c1cf07ca97486497.jpg,Pig
TEST,gs://project1-bigdata2/images/c322182eaeef3c25.jpg,Pig
TEST,gs://project1-bigdata2/images/c41b5aa76b285843.jpg,Pig
TRAIN,gs://project1-bigdata2/images/0142d1fc46883a7b.jpg,Goose
TRAIN,gs://project1-bigdata2/images/01fdd867ec430d2b.jpg,Goose
TRAIN,gs://project1-bigdata2/images/02b336d12bc20674.jpg,Goose
TRAIN,gs://project1-bigdata2/images/033a2d3f9eac6188.jpg,Goose
TRAIN,gs://project1-bigdata2/images/051d7ef8b9480b4f.jpg,Goose
TRAIN,gs://project1-bigdata2/images/06013e67500670fb.jpg,Goose
TRAIN,gs://project1-bigdata2/images/086cd2c05b9b7b3f.jpg,Goose
TRAIN,gs://project1-bigdata2/images/0f2a8089b4611dfd.jpg,Goose
TRAIN,gs://project1-bigdata2/images/10894df53c0511c5.jpg,Goose
TRAIN,gs://project1-bigdata2/images/11126aa5d8c1021a.jpg,Goose
TRAIN,gs://project1-bigdata2/images/119d707a575b7721.jpg,Goose
TRAIN,gs://project1-bigdata2/images/12354d7c2e6dcf4b.jpg,Goose
TRAIN,gs://project1-bigdata2/images/135207e3613e7b55.jpg,Goose
TRAIN,gs://project1-bigdata2/images/14d3556c1249439d.jpg,Goose
TRAIN,gs://project1-bigdata2/images/163f4be05a5815e4.jpg,Goose
TRAIN,gs://project1-bigdata2/images/175d58a18a0bd278.jpg,Goose
TRAIN,gs://project1-bigdata2/images/19e26aee9ea93c39.jpg,Goose
TRAIN,gs://project1-bigdata2/images/1c3a9c074c042ba6.jpg,Goose
TRAIN,gs://project1-bigdata2/images/204e836352f960f4.jpg,Goose
TRAIN,gs://project1-bigdata2/images/207b4ea6c3c2f259.jpg,Goose
TRAIN,gs://project1-bigdata2/images/22f324973b904ee9.jpg,Goose
TRAIN,gs://project1-bigdata2/images/2ae4caa772dfd6db.jpg,Goose
TRAIN,gs://project1-bigdata2/images/2b2ebcdecca94de1.jpg,Goose
TRAIN,gs://project1-bigdata2/images/2c7cee4d9b67df03.jpg,Goose
TRAIN,gs://project1-bigdata2/images/2d04149c7868f90f.jpg,Goose
TRAIN,gs://project1-bigdata2/images/2d23fba3f4a9074b.jpg,Goose
TRAIN,gs://project1-bigdata2/images/2dedcd08061f3061.jpg,Goose
TRAIN,gs://project1-bigdata2/images/300b0b370a01c498.jpg,Goose
TRAIN,gs://project1-bigdata2/images/302cd87f9ddb2bfb.jpg,Goose
TRAIN,gs://project1-bigdata2/images/310275a7da893e8c.jpg,Goose
TRAIN,gs://project1-bigdata2/images/318b0d16c233f163.jpg,Goose
TRAIN,gs://project1-bigdata2/images/36b3c15a58867d34.jpg,Goose
TRAIN,gs://project1-bigdata2/images/3921bad9d5648af5.jpg,Goose
TRAIN,gs://project1-bigdata2/images/3d45d946dab9e1b7.jpg,Goose
TRAIN,gs://project1-bigdata2/images/3df749836e00ec37.jpg,Goose
TRAIN,gs://project1-bigdata2/images/3eaf885ee61c3999.jpg,Goose
TRAIN,gs://project1-bigdata2/images/4217c9322b9285e3.jpg,Goose
TRAIN,gs://project1-bigdata2/images/45a7bf0f4553dfb3.jpg,Goose
TRAIN,gs://project1-bigdata2/images/45b2de3f61492407.jpg,Goose
TRAIN,gs://project1-bigdata2/images/48ada8cf040515e3.jpg,Goose
TRAIN,gs://project1-bigdata2/images/49770a400ec6c9c9.jpg,Goose
TRAIN,gs://project1-bigdata2/images/4a5dcb0c33efff21.jpg,Goose
TRAIN,gs://project1-bigdata2/images/4b7930be55d5b30e.jpg,Goose
TRAIN,gs://project1-bigdata2/images/4d78b5115ff51d5a.jpg,Goose
TRAIN,gs://project1-bigdata2/images/4de1246fab9f9431.jpg,Goose
TRAIN,gs://project1-bigdata2/images/4dfc4dd7f5692b46.jpg,Goose
TRAIN,gs://project1-bigdata2/images/4f61ad9e5586a66e.jpg,Goose
TRAIN,gs://project1-bigdata2/images/54b37811bb5e40ad.jpg,Goose
TRAIN,gs://project1-bigdata2/images/5c3b9e45e865f388.jpg,Goose
TRAIN,gs://project1-bigdata2/images/5cbdaae359638d87.jpg,Goose
TRAIN,gs://project1-bigdata2/images/5ee61ba00cc30490.jpg,Goose
TRAIN,gs://project1-bigdata2/images/5f5eb0f2ef404bea.jpg,Goose
TRAIN,gs://project1-bigdata2/images/619f3c085189aa88.jpg,Goose
TRAIN,gs://project1-bigdata2/images/61cb107fdf8f63e0.jpg,Goose
TRAIN,gs://project1-bigdata2/images/64e48b07e9a2add5.jpg,Goose
TRAIN,gs://project1-bigdata2/images/65e297831c751675.jpg,Goose
TRAIN,gs://project1-bigdata2/images/66f12bfc93bb8738.jpg,Goose
TRAIN,gs://project1-bigdata2/images/679a5e597d44671f.jpg,Goose
TRAIN,gs://project1-bigdata2/images/6905e899329b6088.jpg,Goose
TRAIN,gs://project1-bigdata2/images/695370cebf894d9c.jpg,Goose
TRAIN,gs://project1-bigdata2/images/6c403fe46bccb17e.jpg,Goose
TRAIN,gs://project1-bigdata2/images/6cdc010aa9c2624d.jpg,Goose
TRAIN,gs://project1-bigdata2/images/6d5673f9955d274d.jpg,Goose
TRAIN,gs://project1-bigdata2/images/71eb5552456c9942.jpg,Goose
TRAIN,gs://project1-bigdata2/images/7268e678c9efab8b.jpg,Goose
TRAIN,gs://project1-bigdata2/images/77342c4f2ac0f91b.jpg,Goose
TRAIN,gs://project1-bigdata2/images/77978e66332508e4.jpg,Goose
TRAIN,gs://project1-bigdata2/images/7846c34dc0564b10.jpg,Goose
TRAIN,gs://project1-bigdata2/images/7a2807474d4d4f4f.jpg,Goose
TRAIN,gs://project1-bigdata2/images/7e8761a98af1c3be.jpg,Goose
TRAIN,gs://project1-bigdata2/images/7ea6dc3b44dc9a66.jpg,Goose
TRAIN,gs://project1-bigdata2/images/80a7d9f11e4cb8d1.jpg,Goose
TRAIN,gs://project1-bigdata2/images/87680f2be10f1729.jpg,Goose
TRAIN,gs://project1-bigdata2/images/8791722501d91f5f.jpg,Goose
TRAIN,gs://project1-bigdata2/images/884821b7de7e5689.jpg,Goose
TRAIN,gs://project1-bigdata2/images/8865694899bc5737.jpg,Goose
TRAIN,gs://project1-bigdata2/images/88b37f42153f6502.jpg,Goose
TRAIN,gs://project1-bigdata2/images/895dbfa06f80d04b.jpg,Goose
TRAIN,gs://project1-bigdata2/images/8c34199588023f39.jpg,Goose
TRAIN,gs://project1-bigdata2/images/8c9b3a301f8b5d42.jpg,Goose
VALIDATION,gs://project1-bigdata2/images/8f65f806d22d2229.jpg,Goose
VALIDATION,gs://project1-bigdata2/images/8f70ee9ebc91fad6.jpg,Goose
VALIDATION,gs://project1-bigdata2/images/9006b8c3c0ef6c17.jpg,Goose
VALIDATION,gs://project1-bigdata2/images/90878cabafcac286.jpg,Goose
VALIDATION,gs://project1-bigdata2/images/90988bc54d845592.jpg,Goose
VALIDATION,gs://project1-bigdata2/images/9113a2b82bb8382f.jpg,Goose
VALIDATION,gs://project1-bigdata2/images/92a29bc71975c107.jpg,Goose
VALIDATION,gs://project1-bigdata2/images/931ef9223bface40.jpg,Goose
VALIDATION,gs://project1-bigdata2/images/9800d0700da8ac65.jpg,Goose
VALIDATION,gs://project1-bigdata2/images/9854cceb3c52c6de.jpg,Goose
TEST,gs://project1-bigdata2/images/9856bd4e230ed3d8.jpg,Goose
TEST,gs://project1-bigdata2/images/9a19e11a54922234.jpg,Goose
TEST,gs://project1-bigdata2/images/9b937440dcea91aa.jpg,Goose
TEST,gs://project1-bigdata2/images/a10b7c91b182c028.jpg,Goose
TEST,gs://project1-bigdata2/images/a1c9575fbfe2a509.jpg,Goose
TEST,gs://project1-bigdata2/images/a292025d2530ca80.jpg,Goose
TEST,gs://project1-bigdata2/images/a341a7d8cb2c215b.jpg,Goose
TEST,gs://project1-bigdata2/images/a3712deaa9cabf50.jpg,Goose
TEST,gs://project1-bigdata2/images/a37bba5c343a7130.jpg,Goose
TEST,gs://project1-bigdata2/images/a421bd70e3bc83b0.jpg,Goose
TRAIN,gs://project1-bigdata2/images/023b4802f26b54e6.jpg,Sea turtle
TRAIN,gs://project1-bigdata2/images/05373b7f9363f1b5.jpg,Sea turtle
TRAIN,gs://project1-bigdata2/images/061bad48d5f83750.jpg,Sea turtle
TRAIN,gs://project1-bigdata2/images/07690af13c93ea1b.jpg,Sea turtle
TRAIN,gs://project1-bigdata2/images/0ca327615c66417a.jpg,Sea turtle
TRAIN,gs://project1-bigdata2/images/10e14ddf2ff2819a.jpg,Sea turtle
TRAIN,gs://project1-bigdata2/images/121d637baba5b79d.jpg,Sea turtle
TRAIN,gs://project1-bigdata2/images/13a597a295ca95a7.jpg,Sea turtle
TRAIN,gs://project1-bigdata2/images/16716741e393facc.jpg,Sea turtle
TRAIN,gs://project1-bigdata2/images/1845503f52d15d0e.jpg,Sea turtle
TRAIN,gs://project1-bigdata2/images/1ac6dffa6bbf5ac8.jpg,Sea turtle
TRAIN,gs://project1-bigdata2/images/1c3fb627b483bbca.jpg,Sea turtle
TRAIN,gs://project1-bigdata2/images/1c5f5849eac79adb.jpg,Sea turtle
TRAIN,gs://project1-bigdata2/images/1d75bb8aee66d68e.jpg,Sea turtle
TRAIN,gs://project1-bigdata2/images/238adf8f7c8c2216.jpg,Sea turtle
TRAIN,gs://project1-bigdata2/images/23fd5c05c5526b8d.jpg,Sea turtle
TRAIN,gs://project1-bigdata2/images/24f79ac6857cd1e5.jpg,Sea turtle
TRAIN,gs://project1-bigdata2/images/2550e69ef474a1d9.jpg,Sea turtle
TRAIN,gs://project1-bigdata2/images/26855e03917f661d.jpg,Sea turtle
TRAIN,gs://project1-bigdata2/images/2701129825152338.jpg,Sea turtle
TRAIN,gs://project1-bigdata2/images/27079d5db92df94f.jpg,Sea turtle
TRAIN,gs://project1-bigdata2/images/290f12e4cda36b2f.jpg,Sea turtle
TRAIN,gs://project1-bigdata2/images/2bdc778c76c0682c.jpg,Sea turtle
TRAIN,gs://project1-bigdata2/images/2cb608d3dee43688.jpg,Sea turtle
TRAIN,gs://project1-bigdata2/images/2de09cb6766d8689.jpg,Sea turtle
TRAIN,gs://project1-bigdata2/images/300a91fb6cde1f90.jpg,Sea turtle
TRAIN,gs://project1-bigdata2/images/30c010d41baa8b82.jpg,Sea turtle
TRAIN,gs://project1-bigdata2/images/322d48bf0f94377b.jpg,Sea turtle
TRAIN,gs://project1-bigdata2/images/3263956dac0887fb.jpg,Sea turtle
TRAIN,gs://project1-bigdata2/images/34c18f5d25bc0786.jpg,Sea turtle
TRAIN,gs://project1-bigdata2/images/37f6e51254189445.jpg,Sea turtle
TRAIN,gs://project1-bigdata2/images/3a19c69b8e852a86.jpg,Sea turtle
TRAIN,gs://project1-bigdata2/images/3e7b8ebd2dcbba32.jpg,Sea turtle
TRAIN,gs://project1-bigdata2/images/3e97457907892103.jpg,Sea turtle
TRAIN,gs://project1-bigdata2/images/4046867ab743e20b.jpg,Sea turtle
TRAIN,gs://project1-bigdata2/images/4048beae0d70f01c.jpg,Sea turtle
TRAIN,gs://project1-bigdata2/images/4067be5d411b5bdb.jpg,Sea turtle
TRAIN,gs://project1-bigdata2/images/40a74cfd1cbc49f6.jpg,Sea turtle
TRAIN,gs://project1-bigdata2/images/40ec2e634aba9fe2.jpg,Sea turtle
TRAIN,gs://project1-bigdata2/images/4424e95b7e8562a6.jpg,Sea turtle
TRAIN,gs://project1-bigdata2/images/4574354235354df0.jpg,Sea turtle
TRAIN,gs://project1-bigdata2/images/46d84b01c4b9e5e3.jpg,Sea turtle
TRAIN,gs://project1-bigdata2/images/49e34c80dcadc63d.jpg,Sea turtle
TRAIN,gs://project1-bigdata2/images/4a2593941e724804.jpg,Sea turtle
TRAIN,gs://project1-bigdata2/images/4e0cf9e57e681369.jpg,Sea turtle
TRAIN,gs://project1-bigdata2/images/4e7413310dbb65e8.jpg,Sea turtle
TRAIN,gs://project1-bigdata2/images/4f39cd4fe8bcc113.jpg,Sea turtle
TRAIN,gs://project1-bigdata2/images/50701bdc0b1c8ef8.jpg,Sea turtle
TRAIN,gs://project1-bigdata2/images/574c680e0b62ef73.jpg,Sea turtle
TRAIN,gs://project1-bigdata2/images/598a73478e07f04f.jpg,Sea turtle
TRAIN,gs://project1-bigdata2/images/5a36d86522d31fa9.jpg,Sea turtle
TRAIN,gs://project1-bigdata2/images/5c6e6b896b16a3ec.jpg,Sea turtle
TRAIN,gs://project1-bigdata2/images/5eed1b6029ed6361.jpg,Sea turtle
TRAIN,gs://project1-bigdata2/images/5f49824d3fd6276a.jpg,Sea turtle
TRAIN,gs://project1-bigdata2/images/5fd1b4b3e4d7120e.jpg,Sea turtle
TRAIN,gs://project1-bigdata2/images/6226fb0bca9f42b0.jpg,Sea turtle
TRAIN,gs://project1-bigdata2/images/6517c0d6be2c55f5.jpg,Sea turtle
TRAIN,gs://project1-bigdata2/images/684a0b4a1d33ea4f.jpg,Sea turtle
TRAIN,gs://project1-bigdata2/images/6a3444bb2712d559.jpg,Sea turtle
TRAIN,gs://project1-bigdata2/images/6e6d1f96127d5bcd.jpg,Sea turtle
TRAIN,gs://project1-bigdata2/images/6ee903844af63636.jpg,Sea turtle
TRAIN,gs://project1-bigdata2/images/709cbb7f252ccb10.jpg,Sea turtle
TRAIN,gs://project1-bigdata2/images/71e2ead66fe9de8d.jpg,Sea turtle
TRAIN,gs://project1-bigdata2/images/749badd8e5d3fe66.jpg,Sea turtle
TRAIN,gs://project1-bigdata2/images/75feed139d8eb491.jpg,Sea turtle
TRAIN,gs://project1-bigdata2/images/78047699f81ad701.jpg,Sea turtle
TRAIN,gs://project1-bigdata2/images/7a0cfeffa49c51b6.jpg,Sea turtle
TRAIN,gs://project1-bigdata2/images/7c206269c04fee21.jpg,Sea turtle
TRAIN,gs://project1-bigdata2/images/7c497ec55db32d75.jpg,Sea turtle
TRAIN,gs://project1-bigdata2/images/7c8cf10d3f377dc3.jpg,Sea turtle
TRAIN,gs://project1-bigdata2/images/83b4ec243d4eba20.jpg,Sea turtle
TRAIN,gs://project1-bigdata2/images/87b167f4de654590.jpg,Sea turtle
TRAIN,gs://project1-bigdata2/images/88a6fc103f7a55b2.jpg,Sea turtle
TRAIN,gs://project1-bigdata2/images/8a26433d5ae72012.jpg,Sea turtle
TRAIN,gs://project1-bigdata2/images/8cab5af42d9e53c2.jpg,Sea turtle
TRAIN,gs://project1-bigdata2/images/8cff9dfbb34840c6.jpg,Sea turtle
TRAIN,gs://project1-bigdata2/images/8ff56886ca96871e.jpg,Sea turtle
TRAIN,gs://project1-bigdata2/images/90af77bbb962fa13.jpg,Sea turtle
TRAIN,gs://project1-bigdata2/images/9151adeca8578edf.jpg,Sea turtle
TRAIN,gs://project1-bigdata2/images/94f108ed08070c7f.jpg,Sea turtle
VALIDATION,gs://project1-bigdata2/images/95547de049f7866b.jpg,Sea turtle
VALIDATION,gs://project1-bigdata2/images/96eb7428175f15bc.jpg,Sea turtle
VALIDATION,gs://project1-bigdata2/images/a4dcfed9d2103a51.jpg,Sea turtle
VALIDATION,gs://project1-bigdata2/images/a4ec3bbb4ecae6ee.jpg,Sea turtle
VALIDATION,gs://project1-bigdata2/images/a4fed3aad2f5c21c.jpg,Sea turtle
VALIDATION,gs://project1-bigdata2/images/ac369d270c2e5e6a.jpg,Sea turtle
VALIDATION,gs://project1-bigdata2/images/b2615a3fc6a7a55c.jpg,Sea turtle
VALIDATION,gs://project1-bigdata2/images/b4966c8e15fbbbe7.jpg,Sea turtle
VALIDATION,gs://project1-bigdata2/images/b6f36e48e4102836.jpg,Sea turtle
VALIDATION,gs://project1-bigdata2/images/b90cc43d6e3ae59c.jpg,Sea turtle
TEST,gs://project1-bigdata2/images/bb12190829813b21.jpg,Sea turtle
TEST,gs://project1-bigdata2/images/bb9fd540074d99ca.jpg,Sea turtle
TEST,gs://project1-bigdata2/images/bc6c8e2bd6c42fb8.jpg,Sea turtle
TEST,gs://project1-bigdata2/images/bdbca8a02ab5c3ea.jpg,Sea turtle
TEST,gs://project1-bigdata2/images/bec049b2ef40dec3.jpg,Sea turtle
TEST,gs://project1-bigdata2/images/bf9295218c84d5d8.jpg,Sea turtle
TEST,gs://project1-bigdata2/images/bfe686055e0462b1.jpg,Sea turtle
TEST,gs://project1-bigdata2/images/c23ec3700a08d29d.jpg,Sea turtle
TEST,gs://project1-bigdata2/images/c44956d362b540e1.jpg,Sea turtle
TEST,gs://project1-bigdata2/images/c4f8230f04656836.jpg,Sea turtle
